amz-title,amz-price
Samsung UN55RU8000FXZA Flat 55-Inch 4K 8 Series Ultra HD Smart TV with HDR and Alexa Compatibility (2019 Model),
Samsung UN65RU7300FXZA Curved 65-Inch 4K UHD 7 Series Ultra HD Smart TV with HDR and Alexa Compatibility (2019 Model),$617.99
VIZIO P-Series Quantum 75” Class (74.5” Diag.) 4K HDR Smart TV - P759-G1,"$1,498.00"
"TCL 55"" Class 6-Series 4K UHD QLED Dolby Vision HDR Roku Smart TV - 55R625",$599.99
Samsung UN75RU7100FXZA Flat 75-Inch 4K UHD 7 Series Ultra HD Smart TV with HDR and Alexa Compatibility (2019 Model),$997.99
Samsung UN58RU7100FXZA Flat 58-Inch 4K UHD 7 Series Ultra HD Smart TV with HDR and Alexa Compatibility (2019 Model),$497.99
Sceptre X438BV-FSR 43 inches 1080p LED TV Metal Black 2018,
"Sceptre 50"" 4K UHD Ultra Slim LED TV 3840x2160 MEMC 120, Metal Black 2019 (U518CV-UM)",
Toshiba 43LF621U19 43-inch 4K Ultra HD Smart LED TV HDR - Fire TV Edition,$229.99
Samsung QN65Q70RAFXZA Flat 65-Inch QLED 4K Q70 Series Ultra HD Smart TV with HDR and Alexa Compatibility (2019 Model),
"TCL 55"" Class 6-Series 4K UHD QLED Dolby Vision HDR Roku Smart TV - 55R625",$599.99
Samsung UN55RU7300FXZA Curved 55-Inch 4K UHD 7 Series Ultra HD Smart TV with HDR and Alexa Compatibility (2019 Model),$477.99
"TCL 55"" Class 6-Series 4K UHD QLED Dolby Vision HDR Roku Smart TV - 55R625",$599.99
Sony XBR65X900F 65-Inch 4K Ultra HD Smart LED TV with Alexa Compatibility,"$1,098.00"
Element ELEFW328R 32in 720p HDTV (Renewed),$88.00
Sony X800G 65 Inch TV: 4K Ultra HD Smart LED TV with HDR and Alexa Compatibility - 2019 Model,$698.00
Sony XBR75X900F 75-Inch 4K Ultra HD Smart LED TV with Alexa Compatibility,"$1,798.00"
TCL 49S325 49 Inch 1080p Smart Roku LED TV (2019),$249.99
LG Electronics 22LJ4540 22-Inch 1080p IPS LED TV (2017 Model),$96.99
Samsung UN75RU8000FXZA Flat 75-Inch 4K 8 Series Ultra HD Smart TV with HDR and Alexa Compatibility (2019 Model),"$1,297.99"
LG Electronics 24LJ4540 24-Inch 720p LED TV (2017 Model),$89.99
"LG 55SM8600PUA Nano 8 Series 55"" 4K Ultra HD Smart LED NanoCell TV (2019), Black",
"LG 65SM8600PUA Alexa Built-in Nano 8 Series 65"" 4K Ultra HD Smart LED NanoCell TV (2019)",$796.99
"TCL 55"" Class 6-Series 4K UHD QLED Dolby Vision HDR Roku Smart TV - 55R625",$599.99
"LG 43UM7300PUA Alexa Built-in 43"" 4K Ultra HD Smart LED TV (2019)",$296.90
Hisense 65H9F 65-inch 4K Ultra HD Android Smart ULED TV HDR10  (2019),
Samsung UN82RU8000FXZA Flat 82-Inch 4K 8 Series Ultra HD Smart TV with HDR and Alexa Compatibility (2019 Model),"$1,797.99"
LG Electronics 24LH4830-PU 24-Inch Smart LED TV (2016 Model),$111.99
Samsung QN55Q70RAFXZA Flat 55-Inch QLED 4K Q70 Series Ultra HD Smart TV with HDR and Alexa Compatibility (2019 Model),$997.99
"Sceptre 32 inch LED 720p HDTV 3X HDMI MHL ASTC/QAM, Metal Black 2019 (X328BV-SR)",
"TCL 55S425 55 inch 4K Smart LED Roku TV (2019) with 7 2.0 Channel Home Theater Sound Bar with Built-in Subwoofer - TS7000, 36"", Black",$359.98
Samsung QN55Q70RAFXZA Flat 55-Inch QLED 4K Q70 Series Ultra HD Smart TV with HDR and Alexa Compatibility (2019 Model),$997.99
Sony X800G 43 Inch TV: 4K Ultra HD Smart LED TV with HDR and Alexa Compatibility - 2019 Model,$398.00
"Komodo by Sceptre 43-Inch 4K 3840x2160 UHD LED TV 4X HDMI 2.0 HDCP 2.2, Metal Black 2018",
"LG 86UM8070PUA 86"" 4K Ultra HD Smart LED TV (2019), Black",
Hisense 32H5590F 32-inch 720p Android Smart LED TV (2019),$129.99
Samsung UN49RU8000FXZA Flat 49-Inch 4K 8 Series Ultra HD Smart TV with HDR and Alexa Compatibility (2019 Model),$497.99
Hisense 40H5590F 40-inch 1080p Android Smart LED TV (2019),$179.99
Hisense 50R7E 50-inch 4K Ultra HD Roku Smart LED TV HDR (2019),$249.99
"TCL 32"" 1080p Smart LED Roku TV (Renewed) - 32S327-B",$129.99
VIZIO P-Series Quantum 75” Class (74.5” Diag.) 4K HDR Smart TV - P759-G1,"$1,498.00"
Samsung QN75Q80RAFXZA Flat 75-Inch QLED 4K Q80 Series Ultra HD Smart TV with HDR and Alexa Compatibility (2019 Model),"$2,297.99"
Sony KD55X750F 55-Inch 4K Ultra HD Smart LED TV,
Samsung QN82Q70RAFXZA Flat 82-Inch QLED 4K Q70 Series Ultra HD Smart TV with HDR and Alexa Compatibility (2019 Model),"$2,497.99"
Samsung QN65Q80RAFXZA Flat 65-Inch QLED 4K Q80 Series Ultra HD Smart TV with HDR and Alexa Compatibility (2019 Model),"$1,697.99"
Samsung QN49Q70RAFXZA Flat 49-Inch QLED 4K Q70 Series Ultra HD Smart TV with HDR and Alexa Compatibility (2019 Model),
Sony X950G 65 Inch TV: 4K Ultra HD Smart LED TV with HDR and Alexa Compatibility - 2019 Model,"$1,398.00"
"Samsung Electronics UN32N5300AFXZA 32"" 1080p Smart LED TV (2018), Black",
Sony X800G 75 Inch TV: 4K Ultra HD Smart LED TV with HDR and Alexa Compatibility - 2019 Model,"$1,098.00"
"VIZIO D-Series 24” Class (23.5"" Diag.) Smart TV",$127.62
Samsung QN75Q70RAFXZA Flat 75-Inch QLED 4K Q70 Series Ultra HD Smart TV with HDR and Alexa Compatibility (2019 Model),
Sony X950G 55 Inch TV: 4K Ultra HD Smart LED TV with HDR and Alexa Compatibility - 2019 Model,$998.00
Samsung QN55Q80RAFXZA Flat 55-Inch QLED 4K Q80 Series Ultra HD Smart TV with HDR and Alexa Compatibility (2019 Model),
"Samsung Electronics 4K Smart LED TV (2018), 65"" (UN65NU6900FXZA)",
TCL 75R617 75-Inch 4K Ultra HD Roku Smart LED TV (2019 Model),"$1,299.99"
"WHOOSH! Screen Cleaner Kit – Best for– Smartphones, iPads, Eyeglasses, Kindle, LED, LCD & TVs – Includes 1 Oz Bottle + 2 Premium Cloths",
"LG 65SM8100AUA Alexa Built-in Nano 8 Series 65"" 4K Ultra HD Smart LED NanoCell TV (2019)",$696.99
Element ELEFW195R 19in 720p HDTV (Renewed),
Samsung UN65RU7100FXZA Flat 65'' 4K UHD 7 Series Smart TV (2019) with HW-R650 Sound Bar,$805.98
Sony X800G 49 Inch TV: 4K Ultra HD Smart LED TV with HDR and Alexa Compatibility - 2019 Model,$448.00
